"Genus_Species","Sex","brain_mass","body_mass"
"Accipiter_gentilis","f",7.68614285714286,1049.15714285714
"Accipiter_gentilis","m",7.6185,678.283333333333
"Accipiter_nisus","f",3.11279746835443,252.126329113924
"Accipiter_nisus","m",2.63739024390244,136.144146341463
"Accipiter_striatus","f",5.7,520
"Acridotheres_cristatellus","m",2.31,122.38
"Acridotheres_grandis","m",3.386,176.81
"Acrocephalus_arundinaceus","m",0.87,23.95
"Acrocephalus_palustris","f",0.448,11.91
"Acrocephalus_scirpaceus","m",0.468,12.56
"Acrocephalus_stentoreus","f",0.73,19.75
"Acryllium_vulturinum","m",4.7,2000
"Actinodura_ramsayi","m",1.295,36.25
"Actitis_macularius","m",0.642,34.49
"Actophilornis_africanus","m",1.35,88
"Aegithalos_caudatus","f",0.4335,7.045
"Aegithalos_caudatus","m",2.1956,7.304
"Aegithalos_caudatus","unknown",0.455,8.535
"Aegithalos_concinnus","f",0.307,4.23
"Aegithalos_concinnus","m",0.38,5.2
"Aegolius_funereus","f",4.257,137.33
"Aethia_pusilla","m",1.107,83.17
"Agapornis_lilianae","f",1.3,31.075
"Agapornis_lilianae","m",1.4,26
"Agapornis_taranta","f",1.807,46.18
"Agapornis_taranta","m",1.9375,48.09
"Agelaius_phoeniceus","unknown",1.77,66
"Aix_galericulata","m",3.589,518
"Aix_galericulata","unknown",4.22,299
"Aix_sponsa","m",3.9985,461.345
"Alauda_arvensis","f",0.847666666666667,38.27
"Alauda_arvensis","m",0.943555555555556,40.6088888888889
"Alauda_arvensis","unknown",0.7,21.9
"Alca_torda","f",5.0015,670.3
"Alca_torda","unknown",4.85,833.2
"Alcedo_atthis","f",0.800866666666667,39.2953333333333
"Alcedo_atthis","m",0.786875,37.19125
"Alcedo_atthis","unknown",0.65,36.5
"Alcedo_cristata","f",0.29,13.15
"Alcedo_cristata","m",0.37,9.775
"Alectoris_barbara","m",2.013,184.84
"Alectoris_chukar","m",2.232,471.44
"Alectoris_graeca","f",2.38,196
"Alectoris_philbyi","m",2.154,355.25
"Alectoris_rufa","f",1.919,391.225
"Alisterus_amboinensis","f",4.1155,202.85
"Alisterus_amboinensis","m",4.3745,176.78
"Alisterus_chloropterus","m",3.98,106.8
"Alisterus_scapularis","f",3.83914285714286,168.53
"Alisterus_scapularis","m",4.65255555555556,181.606666666667
"Alle_alle","f",1.84716666666667,123.753333333333
"Alle_alle","m",1.99942857142857,121.695714285714
"Alopochen_aegyptiaca","f",7.64,1935
"Amadina_erythrocephala","m",0.708,20.51
"Amandava_amandava","f",0.45,6.2
"Amandava_amandava","m",0.47,5.95
"Amazilia_tzacatl","f",0.1998,4.8
"Amazona_aestiva","f",6.98,203
"Amazona_aestiva","m",7.90828571428571,363.19
"Amazona_albifrons","f",5.736,219.22
"Amazona_albifrons","m",4.69,129
"Amazona_amazonica","f",7.6355,312.27
"Amazona_amazonica","m",8.55333333333333,328.766666666667
"Amazona_auropalliata","f",8.407,501
"Amazona_autumnalis","f",7.375,352.98
"Amazona_brasiliensis","f",7.4585,303.16
"Amazona_farinosa","f",10.133,508.65
"Amazona_festiva","m",6.753,338.86
"Amazona_finschi","f",7.55,205
"Amazona_finschi","m",7.9995,310.88
"Amazona_leucocephala","f",5.9965,274.49
"Amazona_leucocephala","m",6.21,220.25
"Amazona_leucocephala","unknown",6.82,225.7
"Amazona_ochrocephala","f",8.39475,388.13
"Amazona_ochrocephala","m",8.654,379.61
"Amazona_ochrocephala","unknown",9.03272727272727,292.990909090909
"Amazona_pretrei","f",4.995,254.9
"Amazona_pretrei","m",5.646,244.31
"Amazona_ventralis","f",5.83233333333333,187.456666666667
"Amazona_vinacea","f",6.674,310.306666666667
"Amazona_vinacea","m",8.267,293.29
"Amazona_viridigenalis","m",6.765,210.65
"Ammoperdix_griseogularis","f",1.098,135.64
"Ammoperdix_griseogularis","m",1.208,153.8
"Anas_acuta","f",4.9548,670
"Anas_acuta","m",5.241,1480
"Anas_crecca","f",3.183,278.8
"Anas_crecca","m",2.90466666666667,347.388333333333
"Anas_crecca","unknown",3.18333333333333,179.666666666667
"Anas_penelope","m",4.1612,798.7
"Anas_platyrhynchos","f",5.44,1200
"Anas_platyrhynchos","m",5.96445454545455,1286.36363636364
"Anas_rubripes","unknown",7.25,853
"Anhinga_anhinga","f",4.55,610
"Anhinga_anhinga","m",4.34,800
"Anisognathus_somptuosus","f",1.3,42.9
"Anodorhynchus_hyacinthinus","f",22.08,1390
"Anser_anser","f",11.913,5000
"Anser_anser","m",12.062,3966.66666666667
"Anthreptes_orientalis","f",0.5,8.2
"Anthus_berthelotii","f",0.46,15.75
"Anthus_berthelotii","m",0.55,16.1
"Anthus_pratensis","f",0.505,12.31
"Anthus_pratensis","m",0.49625,15.235
"Anthus_pratensis","unknown",0.535,13.55
"Anthus_trivialis","f",0.624,22.35
"Anthus_trivialis","m",0.553,19.23
"Aprosmictus_erythropterus","m",3.5682,125.672
"Aprosmictus_jonquillaceus","f",3.274,110.75
"Aprosmictus_jonquillaceus","m",3.553,141.16
"Apus_apus","f",0.657166666666667,39.99
"Apus_apus","m",0.6985,33.325
"Aquila_chrysaetos","unknown",18.6,5273.1
"Aquila_rapax","f",14.09,2625
"Aquila_rapax","m",13.765,2054
"Ara_ararauna","f",15.9,625
"Ara_ararauna","m",20.9,929
"Ara_chloropterus","m",20.374,1270
"Ara_glaucogularis","f",13.9645,650
"Aratinga_auricapillus","f",4.86,103.8
"Aratinga_pertinax","f",2.99,77.29
"Aratinga_solstitialis","f",4.041,103.05
"Arborophila_torqueola","f",1.629,184.51
"Arborophila_torqueola","m",2.033,217.3
"Ardea_cinerea","f",7.9642,1451
"Ardea_cinerea","m",8.15325,1430
"Ardea_herodias","m",8.85,1900
"Ardea_herodias","unknown",10.2,2055
"Ardeotis_kori","f",12.94,5540
"Ardeotis_kori","m",15.63,10000
"Argusianus_argus","m",5.591,1965
"Asio_flammeus","f",5.93,325.9
"Asio_flammeus","m",5.13483333333333,289.536666666667
"Asio_otus","f",5.5986393442623,294.57868852459
"Asio_otus","m",5.62171794871795,244.724615384615
"Asio_otus","unknown",5.252,252.64
"Athene_noctua","f",4.087,164.59
"Atlapetes_citrinellus","m",0.9,17.5
"Aythya_ferina","m",5.70957142857143,838.628571428571
"Aythya_fuligula","m",4.38325,786.75
"Aythya_marila","f",4.7859,787
"Aythya_nyroca","m",4.4655,331.525
"Aythya_sp.","m",5.569,956
"Balearica_pavonina","f",13.54,4071
"Balearica_pavonina","m",12.85,4825
"Bambusicola_fytchii","m",1.683,216.13
"Bambusicola_thoracicus","m",1.58,197
"Barnardius_zonarius","f",3.83366666666667,122.963333333333
"Barnardius_zonarius","m",4.02011111111111,117.706666666667
"Basilornis_galeatus","m",1.92,72.6
"Batis_molitor","f",0.33,13.25
"Bolborhynchus_lineola","f",1.85,56.9
"Bolborhynchus_lineola","m",1.8185,48.63
"Bolborhynchus_orbygnesius","f",1.77,34.3
"Bombycilla_garrulus","f",1.0485,64.2333333333333
"Bombycilla_garrulus","m",1.1635,60.035
"Bombycilla_japonica","f",0.992,44.855
"Bombycilla_japonica","m",0.958,39.5333333333333
"Bonasa_bonasia","f",1.926,397.14
"Bonasa_bonasia","m",1.835,383.872
"Bonasa_umbellus","f",2.7,299.3
"Botaurus_lentiginosus","unknown",4.775,403.75
"Brachypteryx_montana","m",0.692,15.49
"Brachyramphus_marmoratus","f",2.225,211.8
"Brachyramphus_marmoratus","m",2.29,182.18
"Branta_bernicla","f",6.069,980
"Branta_bernicla","m",6.10066666666667,1420
"Branta_leucopsis","f",6.6755,1855
"Branta_leucopsis","m",7.026,2240
"Branta_ruficollis","m",5.398,1060
"Brotogeris_chrysoptera","m",1.948,53.44
"Brotogeris_jugularis","unknown",1.92,37
"Brotogeris_pyrrhoptera","f",2.3,47.7
"Brotogeris_pyrrhoptera","m",3.801,52.18
"Brotogeris_versicolurus","f",2.353,57.47
"Brotogeris_versicolurus","m",2.328,66.39
"Bubo_bubo","f",16.1061666666667,2718
"Bubo_bubo","m",17.8935,2000
"Bubo_scandiaca","unknown",15.4,1049
"Bubo_virginianus","m",13.7,1177
"Bubo_virginianus","unknown",14.035,1092.25
"Bucanetes_githagineus","f",0.635,21.075
"Bucanetes_githagineus","m",0.608,17.23
"Bucephala_clangula","f",5.33,580
"Bucephala_clangula","m",5.9364,1095.8
"Bucorvus_cafer","m",28.925,2410
"Burhinus_oedicnemus","f",2.358,252.751
"Burhinus_oedicnemus","m",3.193,376.088
"Buteo_buteo","f",7.92096078431373,875.023529411765
"Buteo_buteo","m",7.93012195121951,679.637804878049
"Buteo_buteo","unknown",7.912,845
"Buteo_lagopus","f",8.89466666666667,820.333333333333
"Buteo_lagopus","m",8.549,865
"Buteo_lineatus","unknown",7.4,337
"Cacatua_alba","f",11.138,334.5
"Cacatua_goffiniana","m",8.7,249.7
"Cacatua_leadbeateri","f",7.985,254.51825
"Cacatua_leadbeateri","m",8.8652,337.9622
"Cacatua_moluccensis","m",15.5643333333333,769.3
"Cacatua_moluccensis","unknown",7,335
"Cacatua_roseicapilla","m",6.18533333333333,315.287666666667
"Cacatua_sulphurea","m",10.2386666666667,364.971666666667
"Cacatua_tenuirostris","f",9.114,490
"Calcarius_lapponicus","f",1,23.8
"Calidris_acuminata","f",0.862,65.496
"Calidris_alpina","f",0.867666666666667,40.8143333333333
"Calidris_alpina","m",0.8558,36.076
"Calidris_canutus","m",1.3,166
"Calidris_maritima","f",1.27,93.4
"Calidris_maritima","m",1.04,55.55
"Calidris_melanotos","m",0.988,82.4695
"Calidris_ptilocnemis","m",0.9335,67.468
"Callipepla_californica","f",1.142,110.811
"Callipepla_californica","m",1.12933333333333,133.246
"Callipepla_californica","unknown",1.36,126.9
"Callipepla_gambelii","f",1.03,156.5
"Callipepla_gambelii","m",1.28,168
"Callipepla_squamata","m",1.1155,147.2365
"Callipepla_squamata","unknown",1.5,99
"Callocephalon_fimbriatum","f",5.959,327.385
"Callonetta_leucophrys","f",2.6095,276.183
"Callonetta_leucophrys","m",3.0205,246.4635
"Calyptomena_viridis","m",1.32,53.7
"Calyptorhynchus_funereus","f",16.581,645
"Calyptorhynchus_funereus","m",15.844,720
"Caprimulgus_europaeus","m",0.7,83.3
"Cardinalis_cardinalis","f",1.45,43.5
"Cardinalis_cardinalis","m",1.3026,27.755
"Cardinalis_sinuatus","f",1.278,30.959
"Cardinalis_sinuatus","m",1.3145,21.9375
"Carduelis_ambigua","f",0.62,13.5
"Carduelis_ambigua","m",0.636,15.389
"Carduelis_cannabina","f",0.61125,18.7335
"Carduelis_cannabina","m",0.665071428571429,18.9455
"Carduelis_cannabina","unknown",0.69,16.8
"Carduelis_carduelis","f",0.556545454545455,13.714
"Carduelis_carduelis","m",0.593045454545455,15.9925909090909
"Carduelis_chloris","f",0.851833333333333,25.1423666666667
"Carduelis_chloris","m",0.869875,26.0726875
"Carduelis_cucullata","f",0.459,8.846
"Carduelis_cucullata","m",0.45925,10.383
"Carduelis_flammea","f",0.5575,12.2325
"Carduelis_flammea","m",0.550444444444444,12.6381111111111
"Carduelis_flammea","unknown",0.573,11.794
"Carduelis_flavirostris","f",0.365,9.148
"Carduelis_flavirostris","unknown",0.436,11.538
"Carduelis_magellanica","m",0.5395,15.4915
"Carduelis_sinica x Serinus canaria","unknown",0.547,17.547
"Carduelis_spinoides","f",0.607,16.674
"Carduelis_spinoides","m",0.489,19.581
"Carduelis_spinus","f",0.516,12.0804545454545
"Carduelis_spinus","m",0.549333333333333,12.9723333333333
"Carduelis_xanthogastra","m",0.442,13.737
"Carpodacus_mexicanus","m",0.718,19.53
"Carpodacus_nipalensis","m",0.794,17.739
"Carpodacus_purpureus","f",0.85,19.7
"Carpodacus_roseus","f",1.03,21.2
"Carpodacus_roseus","m",0.93225,21.755
"Carpodacus_trifasciatus","m",0.921,36.582
"Casmerodius_albus","f",6.12,1030
"Catamenia_analis","m",0.55,8.98
"Cathartes_aura","f",11.6,2381.4
"Cathartes_aura","m",9.3,494
"Cathartes_aura","unknown",10.325,1797.5
"Catreus_wallichi","m",4.741,1270
"Centropus_bengalensis","f",1.834,151.674
"Cepphus_columba","f",3.339,347.501
"Cepphus_grylle","f",3.10433333333333,422.921666666667
"Cepphus_grylle","m",3.243,419.493
"Cerorhinca_monocerata","f",4.384,535
"Certhia_brachydactyla","m",0.459,8.7005
"Certhia_familiaris","f",0.57,10.4
"Certhia_familiaris","m",0.45,8.8
"Certhia_familiaris","unknown",0.43,8.7
"Ceyx_pictus","f",0.32,7.7
"Chaimarrornis_leucocephalus","f",1,24.3
"Chalcophaps_indica","f",0.7,57.6
"Chalcophaps_indica","m",1.005,105.679333333333
"Chalcopsitta_atra","m",5.335,240.153
"Chalcopsitta_duivenbodei","m",5.28,181.3
"Chalcopsitta_sintillata","f",4.581,145.007
"Charadrius_alexandrinus","m",0.893,37.294
"Charadrius_dubius","f",0.732,41.522
"Charadrius_dubius","m",0.824,39.276
"Charadrius_leschenaultii","f",1.235,78.425
"Charadrius_semipalmatus","f",0.8025,36.1125
"Charadrius_vociferus","unknown",1.22,88
"Charmosyna_papou","f",2.97,71.5
"Chloropsis_cochinchinensis","f",0.89,22.6
"Chloropsis_cyanopogon","m",0.68,16.5
"Chloropsis_hardwickii","m",0.8,26.3
"Chloropsis_sp.","f",0.72,21.2
"Chrysolophus_amherstiae","m",3.62966666666667,743.666666666667
"Chrysolophus_pictus","f",3.136,342.334
"Chrysolophus_pictus","m",3.36666666666667,686.533333333333
"Ciconia_abdimii","m",7.3,950
"Ciconia_ciconia","f",15.78,3334
"Ciconia_ciconia","m",15.2653333333333,3253.33333333333
"Cinclidium_leucurum","m",0.6375,22.24
"Cinclus_cinclus","f",1.3895,54.625
"Cinclus_cinclus","m",0.92,72
"Cinnyricinclus_leucogaster","f",0.896,27.58
"Cinnyricinclus_leucogaster","m",0.904,33.986
"Circus_aeruginosus","f",5.347,335
"Circus_aeruginosus","m",5.786,542.5
"Cissa_chinensis","m",4.2,115.7
"Cissa_thalassina","f",3.5,86.6
"Clangula_hyemalis","m",4.5936,773.66
"Coccothraustes_coccothraustes","f",1.5678,55.5062
"Coccothraustes_coccothraustes","m",1.60824,54.06244
"Coccycolius_iris","f",1.324,30.52
"Coereba_flaveola","m",0.473333333333333,9.52
"Colaptes_campestris","m",3.67,182.4
"Colaptes_melanochloros","f",2.7,119.1
"Colibri_thalassinus","m",0.19,5.48
"Colinus_cristatus","f",1,122.7
"Colinus_virginianus","f",1.241,120.1
"Colinus_virginianus","m",1.1877,117.7971
"Colinus_virginianus","unknown",1.2,143.816666666667
"Colius_striatus","m",1.1475,53.525
"Columba_livia","f",2.285,247
"Columba_livia","m",2.351,272.435
"Columba_oenas","f",2.146,222.409
"Columba_oenas","m",2.266,340.261
"Columba_palumbus","f",2.3575,402.530333333333
"Columba_palumbus","m",2.486125,499.545125
"Columbina_cruziana","f",0.52,49.7
"Columbina_passerina","m",0.54,42.4
"Copsychus_malabaricus","m",0.765,24.2466666666667
"Copsychus_malabaricus","unknown",0.9,19.6
"Coracias_caudatus","f",2.65,83.5
"Coracias_caudatus","m",2.338,110.473
"Coracopsis_nigra","m",4.85,113.7
"Corvus_brachyrhynchos","f",6.199,255.2935
"Corvus_brachyrhynchos","m",9.3,337
"Corvus_brachyrhynchos","unknown",8.225,375.533333333333
"Corvus_corax","f",13.3933333333333,1136.66666666667
"Corvus_corax","m",15.8614,1393
"Corvus_corone","f",8.25676470588235,494.464705882353
"Corvus_corone","m",8.82216666666667,576.533333333333
"Corvus_frugilegus","f",7.488,481.029333333333
"Corvus_frugilegus","m",8.248,574.25
"Corvus_monedula","f",4.236125,189.685375
"Corvus_monedula","m",4.79085714285714,236.332
"Corvus_monedula","unknown",5.35,147
"Coryphospingus_cucullatus","f",0.602,14.887
"Coryphospingus_cucullatus","m",0.654,12.5315
"Corythaixoides_leucogaster","m",3.091,262.36
"Cossypha_niveicapilla","m",0.95,31.8
"Coturnix_chinensis","unknown",0.42,37
"Coturnix_coturnix","f",0.88,120.7
"Coturnix_delegorguei","f",0.62,62.363
"Crex_crex","f",1.154,137.396
"Crex_crex","m",1.26,133.8
"Crinifer_piscator","f",4.23,346.2
"Crossoptilon_crossoptilon","f",5.238,1820
"Crossoptilon_mantchuricum","f",5.164,1700
"Crotophaga_ani","f",1.458,73.095
"Cryptospiza_reichenovii","m",0.589333333333333,10.933
"Crypturellus_parvirostris","f",1.65,179.7
"Crypturellus_tataupa","m",1.25,215
"Cuculus_canorus","f",1.421,92.5295
"Cuculus_canorus","m",1.5,118.633333333333
"Cyanerpes_caeruleus","f",0.468,10.05
"Cyanerpes_caeruleus","m",0.48,9.4
"Cyanerpes_cyaneus","m",0.4445,10.605
"Cyanocitta_cristata","unknown",3,77.7
"Cyanocorax_beecheii","m",3.219,130.83
"Cyanocorax_luxuosus","unknown",2.4,52.25
"Cyanocorax_yncas","m",2.3795,56.0955
"Cyanoliseus_patagonus","f",7.5,226.3
"Cyanopica_cyanus","f",2.06,67.6
"Cyanoramphus_auriceps","m",2.865,49.775
"Cyanoramphus_novaezelandiae","m",2.86,65.4
"Cyclopsitta_diophthalma","m",1.939,36.337
"Cygnus_columbianus","f",17.75,6000
"Cygnus_columbianus","m",17.896,5000
"Cygnus_olor","m",15.432,9000
"Cygnus_olor","unknown",14.5,5528.25
"Cyornis_hainanus","m",0.68,29.8
"Dacelo_novaeguineae","f",4.3035,339.5
"Dacelo_novaeguineae","m",4.1005,374.837
"Dacelo_novaeguineae","unknown",4.47,210
"Dacnis_cayana","f",0.52,12.95
"Dacnis_cayana","m",0.39,13.3
"Delichon_urbicum","m",0.582,18.1206666666667
"Dendrocopos_macei","m",1.656,36.467
"Dendrocopos_major","f",2.62288888888889,83.4334444444444
"Dendrocopos_major","m",2.75986666666667,81.2194
"Dendrocopos_medius","m",1.79,56.062
"Dendrocygna_bicolor","m",4.737,487.5
"Dendroica_coronata","f",0.468,12.392
"Dendroica_coronata","m",0.498,12.472
"Deroptyus_accipitrinus","m",8.9,232.6
"Dicrurus_macrocercus","f",0.99,30.6
"Dinemellia_dinemelli","f",1.42,44.7
"Dinemellia_dinemelli","m",2.05,61.3
"Dinopium_javanense","f",2.3,57.5
"Diopsittaca_nobilis","f",5.078,118.873
"Dryocopus_martius","f",7.34,279.6
"Dumetella_carolinensis","f",1.412,33
"Eclectus_roratus","f",6.8645,385.1045
"Eclectus_roratus","m",7.791,352.492
"Egretta_caerulea","unknown",3.74,289.75
"Egretta_tricolor","unknown",3.45,324.5
"Emberiza_aureola","m",0.71,17.12
"Emberiza_cioides","m",0.632,17.685
"Emberiza_cirlus","m",0.733,16.653
"Emberiza_citrinella","f",0.760863636363636,28.1159090909091
"Emberiza_citrinella","m",0.771333333333333,27.9796212121212
"Emberiza_elegans","m",0.65,11.3
"Emberiza_flaviventris","m",0.59,16.212
"Emberiza_flaviventris","unknown",0.49,14.664
"Emberiza_melanocephala","m",0.731,26.661
"Emberiza_rutila","f",0.491,18.623
"Emberiza_rutila","m",0.56,15.8
"Emberiza_schoeniclus","f",0.75,20.1
"Emberiza_schoeniclus","m",0.645,20.8
"Emberiza_tristrami","f",0.6,13.335
"Embernagra_platensis","f",1.116,29.281
"Embernagra_platensis","m",1.03,29.1
"Emblema_pictum","f",0.4165,12.274
"Enicognathus_ferrugineus","m",5.08,100.2
"Enicognathus_leptorhynchus","f",6.2,236.7
"Enicognathus_leptorhynchus","m",7.9,223.2
"Eos_cyanogenia","m",4.607,144.876
"Eos_squamata","m",4.17,112.5
"Eremophila_bilopha","m",0.93,24.4
"Eremopsaltria_mongolicus","m",0.666,17.45
"Erithacus_rubecula","f",0.576176470588235,17.4284117647059
"Erithacus_rubecula","m",0.617038461538462,17.6752307692308
"Erithacus_rubecula","unknown",0.6948,15.3452
"Erpornis_zantholeuca","m",0.455,13.783
"Erythrura_coloria","m",0.45,11.7
"Erythrura_gouldiae","f",0.436333333333333,12.3543333333333
"Erythrura_gouldiae","m",0.464,12.7635714285714
"Erythrura_hyperythra","m",0.4,13.05
"Erythrura_prasina","m",0.583333333333333,14.4406666666667
"Erythrura_psittacea","m",0.502,10.916
"Estrilda_caerulescens","f",0.41,7.1
"Estrilda_melanotis","m",0.38,4.9
"Estrilda_troglodytes","f",0.35,5.3
"Eumyias_thalassinus","m",0.5445,11.3505
"Eunymphicus_cornutus","f",2.886,66.218
"Euplectes_afer","m",0.677,12.811
"Euplectes_franciscanus","m",0.669428571428571,11.934
"Euplectes_macroura","m",1.8,17
"Euschistospiza_dybowskii","m",0.496666666666667,9.80366666666667
"Falco_columbarius","f",3.288,224.745
"Falco_peregrinus","f",6.788,989
"Falco_sparverius","m",2.51,112
"Falco_sparverius","unknown",2.75,75
"Falco_tinnunculus","f",3.76761538461538,209.366076923077
"Falco_tinnunculus","m",3.80526086956522,169.672869565217
"Falco_tinnunculus","unknown",3.71166666666667,224.349666666667
"Ficedula_hypoleuca","f",0.4255,13.848
"Ficedula_hypoleuca","m",0.4266,12.5212
"Ficedula_zanthopygia","m",0.484,8.7805
"Forpus_coelestis","f",1.198,27.809
"Forpus_coelestis","m",1.124,21.938
"Forpus_conspicillatus","m",1.1,20.55
"Forpus_cyanopygius","f",1.38,13.8
"Forpus_passerinus","f",1,26.3
"Forpus_passerinus","m",1.03,21.4
"Forpus_xanthops","m",1.3,20.7
"Forpus_xanthopterygius","m",1.015,25.65
"Francolinus_sephaena","m",1.5,208
"Fratercula_arctica","f",4.2,318.5
"Fratercula_arctica","m",3.725,384
"Fregata_aquila","m",9.45,1405
"Fringilla_coelebs","f",0.701774193548387,22.9852580645161
"Fringilla_coelebs","m",0.742174418604651,24.1739651162791
"Fringilla_montifringilla","f",0.749571428571429,24.2951428571429
"Fringilla_montifringilla","m",0.7532,25.9895333333333
"Fringilla_montifringilla","unknown",0.597,25.9855
"Fulica_atra","f",3.0286,583.8008
"Fulica_atra","m",3.43616666666667,733.5
"Fulmarus_glacialis","m",5.639,590
"Furnarius_rufus","f",1.3,62.5
"Furnarius_rufus","m",1.35,63.7
"Galerida_cristata","f",1.007,42.593
"Galerida_cristata","m",1.115,41.9
"Galerida_theklae","m",0.92,35.1
"Gallicolumba_rufigula","f",1.132,83.25
"Gallinago_gallinago","f",14.3011,113.7957
"Gallinago_gallinago","m",1.245,96.85
"Gallinago_media","f",1.758,138.621
"Gallinula_chloropus","f",1.95333333333333,285.516666666667
"Gallinula_chloropus","m",1.97633333333333,341.613333333333
"Gallinula_chloropus","unknown",2.21,352.6
"Gallirallus_philippensis","f",1.9,172
"Gallus_gallus","m",2.56166666666667,939.333333333333
"Gallus_lafayetii","f",2.475,383.968
"Gallus_lafayetii","m",3.314,695
"Gallus_sonneratii","f",2.735,391.1755
"Gallus_sonneratii","m",3.615,915
"Garrulax_cineraceus","f",1.7,42.6
"Garrulax_formosus","f",1.966,73.744
"Garrulax_leucolophus","f",2.3,117.4
"Garrulax_milnei","f",1.61,58.35
"Garrulus_glandarius","f",3.86663157894737,162.958894736842
"Garrulus_glandarius","m",4.01866666666667,171.933333333333
"Gavia_pacifica","m",6.86,2345
"Gavia_stellata","f",5.564,1332
"Gavia_stellata","m",5.71,1702.66666666667
"Geopelia_cuneata","m",0.561,36.988
"Geopelia_striata","m",0.75,48.1
"Gracula_religiosa","m",3.04,165.35275
"Gracula_religiosa","unknown",2.5,180.7
"Grus_canadensis","m",8.58,1651
"Guaruba_guarouba","f",7.774,243.026
"Guaruba_guarouba","m",7.2705,221.9985
"Gubernatrix_cristata","f",1.18,52.8
"Gubernatrix_cristata","m",1.25333333333333,30.55
"Gyps_africanus","f",19.6,5270
"Gyps_fulvus","unknown",22.85,9750
"Haematopus_ostralegus","f",3.87733333333333,470.717666666667
"Haematopus_ostralegus","m",3.831,469.035666666667
"Halcyon_leucocephala","m",0.9,36.3
"Halcyon_malimbica","f",1.3,81.8
"Haliaeetus_vocifer","f",12.93,3500
"Heterophasia_capistrata","m",1.22,51.2
"Heteroscelus_brevipes","f",1.26,123.92
"Heteroscelus_incanus","m",1.308,87.731
"Himantopus_himantopus","f",1.82,134.5
"Hippolais_icterina","f",0.458666666666667,15.708
"Hippolais_icterina","m",0.477571428571429,12.9714285714286
"Hirundo_rustica","f",0.495428571428571,17.2097857142857
"Hirundo_rustica","m",0.525034482758621,16.2214482758621
"Histrionicus_histrionicus","m",4.636,635
"Hydrobates_leucorrhoa","m",0.8,30.2
"Hydrobates_pelagicus","f",0.58,22.49
"Hylocichla_mustelina","m",1.168,33.678
"Hymenops_perspicillatus","m",0.733333333333333,23
"Hypargos_niveoguttatus","f",0.529722222222222,9.66388888888889
"Hypargos_niveoguttatus","m",0.571025641025641,9.83897435897436
"Hypergerus_atriceps","m",0.92,24.7
"Hypsipetes_madagascariensis","m",1.1,45.6
"Icterus_gularis","m",1.77,46.732
"Irania_gutturalis","m",0.65,25.48
"Irena_puella","f",1.16,61.225
"Irena_puella","m",1.115,53.05
"Jacana_jacana","f",1.146,99.683
"Junco_hyemalis","f",0.755,18.96
"Junco_hyemalis","m",0.736,16.461
"Junco_hyemalis","unknown",0.86,17.7
"Jynx_torquilla","f",2.16,35.525
"Jynx_torquilla","m",0.834625,39.0565
"Lagonosticta_larvata","m",0.425,8.155
"Lagonosticta_rubricata","m",0.37,7.05
"Lagonosticta_senegala","m",0.395,7.025
"Lagopus_lagopus","f",2.4926,574.5
"Lagopus_lagopus","m",2.63966666666667,627.316666666667
"Lagopus_lagopus","unknown",2.65,627.3
"Lagopus_muta","f",2.331,457.482
"Lagopus_muta","m",2.178,519
"Lamprotornis_chalybaeus","f",1.4,55.3
"Lamprotornis_purpureus","f",1.7,66
"Lamprotornis_purpureus","m",1.746,89.8515
"Lamprotornis_superbus","f",1.71725,47.28575
"Lamprotornis_superbus","m",1.86,49.5885714285714
"Lanius_collurio","m",0.915333333333333,26.8433333333333
"Lanius_collurio","unknown",2.38,64
"Lanius_cristatus","f",0.97,31.1
"Lanius_excubitor","f",1.58,64.05
"Lanius_meridionalis","m",1.38,55.2
"Larus_argentatus","f",5.5785,528.5
"Larus_argentatus","unknown",7.08,1024.33333333333
"Larus_cachinnans","f",6.202,780
"Larus_cachinnans","m",6.126,992.5
"Larus_canus","f",4.05575,328.906
"Larus_canus","m",4.22925,426.65025
"Larus_delawarensis","f",8.72,720
"Larus_fuscus","f",5.064,555
"Larus_fuscus","m",5.7985,681.5
"Larus_marinus","f",6.59966666666667,1436.66666666667
"Larus_marinus","m",7.63933333333333,1693.33333333333
"Larus_minutus","f",1.414,80.731
"Larus_philadelphia","m",2.49,205
"Larus_ridibundus","f",2.74846153846154,239.272538461538
"Larus_ridibundus","m",2.92766666666667,227.012444444444
"Laterallus_leucopyrrhus","f",0.95,31
"Laterallus_leucopyrrhus","m",0.88,39.7
"Lathamus_discolor","f",2.155,73.65
"Lathamus_discolor","m",2.45666666666667,60.8666666666667
"Leiothrix_argentauris","f",0.923,26.4325
"Leiothrix_argentauris","m",1.03666666666667,23.2555555555556
"Leiothrix_lutea","m",0.798,19.481
"Leiothrix_lutea","unknown",1.07,16.4
"Leptoptilos_crumeniferus","m",30.14,7130
"Lessonia_rufa","f",0.5,15.6
"Lessonia_rufa","m",0.413333333333333,14.4
"Leucopsar_rothschildi","f",1.81,87.3
"Leucosticte_arctoa","m",0.879,25.932
"Limosa_haemastica","f",2.35,239.5
"Limosa_lapponica","f",2.547,198.5
"Limosa_lapponica","unknown",2.34,197.3
"Linurgus_olivaceus","m",0.767,19.129
"Locustella_naevia","m",0.6,14.8
"Lonchura_bicolor","f",0.46,9.67
"Lonchura_bicolor","m",0.41,9.7
"Lonchura_cantans","m",0.45,9.2
"Lonchura_castaneothorax","m",0.5575,10.6575
"Lonchura_cucullata","f",0.319,8.396
"Lonchura_flaviprymna","f",0.45,10.7
"Lonchura_flaviprymna","m",0.403,12.646
"Lonchura_fringilloides","m",0.63,20.1
"Lonchura_fuscans","m",0.4605,9.32
"Lonchura_grandis","f",0.67,17.45
"Lonchura_grandis","m",0.66,16.8
"Lonchura_griseicapilla","m",0.47,16.2
"Lonchura_kelaarti","m",0.62,16.1
"Lonchura_leucogastra","m",0.5,11.8
"Lonchura_leucogastroides","f",0.457,12.372
"Lonchura_maja","m",0.511,11.706
"Lonchura_malacca","m",0.512,9.80066666666667
"Lonchura_molucca","f",0.402666666666667,9.28166666666667
"Lonchura_molucca","m",0.424,8.941
"Lonchura_nana","m",0.45,5.8
"Lonchura_nevermanni","m",0.5,9.9
"Lonchura_pallida","f",0.56,10.758
"Lonchura_pallida","m",0.461,11.576
"Lonchura_punctulata","f",0.505,13.167
"Lonchura_punctulata","m",0.4785,15.243
"Lonchura_quinticolor","f",0.55,12
"Lonchura_quinticolor","m",0.6,10.8
"Lonchura_sp.","f",0.54,9.55
"Lonchura_spectabilis","f",0.47,7.8
"Lonchura_spectabilis","m",0.5,7.95
"Lonchura_teerinki","m",0.53,14.082
"Lonchura_tristissima","f",0.46,7.3
"Lonchura_tristissima","m",0.52,6.7
"Lophophorus_impejanus","f",5.911,1150
"Lophophorus_impejanus","m",5.9755,1587.5
"Lophophorus_sclateri","m",7.35,2765
"Lophospingus_pusillus","m",0.91,12.5
"Lophura_diardi","m",3.576,828.25
"Lophura_edwardsi","m",3.52425,935
"Lophura_hatinhensis","f",3.566,650
"Lophura_ignita","f",3.91,1190
"Lophura_ignita","m",4.6046,1416
"Lophura_imperialis","m",3.249,705
"Lophura_inornata","m",3.6055,915
"Lophura_nycthemera","f",3.6495,930
"Lophura_nycthemera","m",3.98,973.333333333333
"Lophura_swinhoii","f",3.302,614
"Loriculus_galgulus","m",1.4705,26.9725
"Loriculus_vernalis","f",0.95,22.22
"Loriculus_vernalis","m",1.38,26.2
"Lorius_garrulus","m",4.518,238.82
"Lorius_lory","m",5.119,220.332
"Loxia_curvirostra","f",1.153,20.4395
"Loxia_curvirostra","m",1.34558333333333,33.602
"Luscinia_calliope","m",0.7,21.55
"Luscinia_cyane","f",0.443,11.812
"Luscinia_cyane","m",0.4405,12.1291666666667
"Luscinia_luscinia","m",0.75,25.5
"Luscinia_megarhynchos","f",0.662,15.128
"Lybius_dubius","m",1.99,86.3
"Lymnocryptes_minimus","m",0.901666666666667,58.4093333333333
"Mandingoa_nitidula","f",0.58,9.02
"Mandingoa_nitidula","m",0.457,10.799
"Margaroperdix_madagascariensis","m",1.34,118.2
"Megaceryle_alcyon","m",2.384,166.486
"Megalaima_asiatica","f",1.5,84.2
"Megalaima_asiatica","m",1.78,113.6
"Megalaima_haemacephala","m",0.97,27.2
"Megalaima_haemacephala","unknown",0.79,44.292
"Megalaima_lineata","m",1.74,101.8
"Megalaima_oorti","f",1.35,46.58
"Megalaima_virens","f",2.153,172.469
"Megascops_asio","m",5.6,129.8
"Melanerpes_carolinus","f",2.185,74
"Melanitta_fusca","m",6.79,1525
"Melanitta_nigra","m",5.77785714285714,982.857142857143
"Melanocorypha_mongolica","f",0.925,49.675
"Melanocorypha_mongolica","m",1.249,54.862
"Melithreptus_albogularis","m",0.779,22.172
"Melopsittacus_undulatus","unknown",1.20666666666667,21.5666666666667
"Melospiza_melodia","f",1.1,21
"Melospiza_melodia","m",0.88,21.5
"Mergus_merganser","f",6.325,1285
"Mergus_merganser","m",7.229,1604.14285714286
"Mergus_serrator","f",5.4795,738
"Mergus_serrator","m",5.163,1165.9
"Merops_apiaster","f",0.732,55.579
"Merops_apiaster","m",0.842,57.244
"Merops_pusillus","f",0.45,10.2
"Mesophoyx_intermedia","m",4.7,525
"Miliaria_calandra","f",1.149,53.314
"Miliaria_calandra","m",1.19933333333333,56.187
"Milvus_milvus","m",7.3,895
"Mimus_polyglottos","m",1.36116666666667,31.8206666666667
"Mimus_polyglottos","unknown",1.43,51.75
"Minla_cyanouroptera","f",0.63,12.2
"Minla_ignotincta","m",0.6865,11.763
"Mino_anais","m",2.2,147.08
"Mino_dumontii","f",3.15,120
"Mino_dumontii","m",2.784,217.468
"Mirafra_assamica","m",0.88,29
"Molothrus_ater","f",2.693,66
"Molothrus_bonariensis","m",1.28,37.2
"Motacilla_alba","f",0.527,19.053
"Motacilla_alba","m",0.563588235294118,21.1977058823529
"Motacilla_flava","f",0.471,16.929
"Motacilla_flava","m",0.4172,17.7238
"Muscicapa_striata","f",0.465666666666667,13.6373333333333
"Muscicapa_striata","m",0.498333333333333,16.298
"Musophaga_violacea","m",3.77,365.5
"Mycerobas_affinis","f",1.839,59.618
"Mycerobas_affinis","m",1.6545,55.9205
"Mycerobas_carnipes","f",1.815,47.427
"Mycerobas_carnipes","m",1.93,47.125
"Mycteria_americana","unknown",14.85,1955.3
"Myiopagis_gaimardii","m",0.46,13.05
"Myiopsitta_monachus","f",3.21,72
"Nectarinia_pulchella","m",0.38,5.75
"Nectarinia_senegalensis","m",0.5,9.46
"Nectarinia_venusta","m",0.307142857142857,5.05285714285714
"Neochmia_phaeton","f",0.38,7.28
"Neochmia_ruficauda","f",0.489,10.023
"Neochmia_ruficauda","m",0.4205,10.028
"Neochmia_temporalis","m",0.45,8.2
"Neophema_chrysostoma","f",1.138,44.882
"Neophema_chrysostoma","m",1.2968,37.6148
"Neophema_elegans","m",1.311,44.935
"Neophema_pulchella","f",1.027,27.227
"Neophema_pulchella","m",1.38566666666667,34.579
"Neophema_splendida","m",1.222,38.2885
"Neopsephotus_bourkii","m",1.3,36.1
"Nigrita_bicolor","m",0.41,14.18
"Niltava_sundara","f",0.6835,22.58
"Niltava_sundara","m",0.767,24.62
"Northiella_haematogaster","f",2.32,57.3
"Northiella_haematogaster","m",2.427,98.9076666666667
"Nucifraga_caryocatactes","f",5.58,183
"Nucifraga_caryocatactes","m",6.06,204.5
"Numenius_arquata","m",4.664,735
"Numenius_phaeopus","m",3.02,383
"Numida_meleagris","m",4.2,1620
"Nycticorax_nycticorax","unknown",7,420
"Oceanodroma_furcata","m",1.175,62.5846666666667
"Oceanodroma_leucorhoa","m",0.698,37.912
"Ocyphaps_lophotes","m",1.72,148
"Ocyphaps_lophotes","unknown",1.67,118.5
"Oena_capensis","f",0.481666666666667,35.5686666666667
"Oenanthe_moesta","f",0.686,30.429
"Oenanthe_oenanthe","f",0.698,24.4582
"Oenanthe_oenanthe","m",0.705,25.4425555555556
"Oenanthe_oenanthe","unknown",0.688,21.197
"Oreortyx_pictus","f",1.4265,229.147
"Oreortyx_pictus","m",1.45,224.528
"Oriolus_oriolus","f",1.309,70.475
"Orthopsittaca_manilata","f",7.88,250
"Orthopsittaca_manilata","m",8.842,291.5
"Padda_oryzivora","f",0.7395,21.554
"Padda_oryzivora","m",0.756,22.18
"Padda_oryzivora","unknown",0.8,21.02
"Panurus_biarmicus","f",0.537875,13.580375
"Panurus_biarmicus","m",0.5525,14.5006666666667
"Paradoxornis_webbianus","m",0.505,10.354
"Paroaria_capitata","f",0.85,14.9
"Paroaria_coronata","f",1,35.4
"Paroaria_coronata","unknown",1.22,33.2875
"Paroaria_dominicana","unknown",1.16333333333333,99.8666666666667
"Paroaria_gularis","f",0.831333333333333,17.426
"Paroaria_gularis","m",0.753,16.313
"Parus_ater","f",0.51,8.388
"Parus_ater","m",0.569,8.867
"Parus_atricapillus","f",0.686,10.88
"Parus_caeruleus","f",0.612555555555556,11.5268888888889
"Parus_caeruleus","m",0.5988,11.0956666666667
"Parus_cristatus","f",0.4755,10.1545
"Parus_cristatus","m",0.6615,10.94725
"Parus_cyanus","f",0.65,9
"Parus_cyanus","m",0.66,10.9
"Parus_holsti","f",0.94,19.55
"Parus_major","f",0.785692307692308,17.8921538461538
"Parus_major","m",0.847142857142857,17.8568
"Parus_palustris","f",0.639,10.8106666666667
"Parus_palustris","m",0.732,11.555
"Parus_palustris","unknown",0.655,10.079
"Parus_spilonotus","f",0.8,17.643
"Parus_spilonotus","m",0.906,17.452
"Parus_venustulus","f",0.51,10.64
"Parus_venustulus","m",0.552,10.1945
"Passer_domesticus","f",0.905075,29.12925
"Passer_domesticus","m",0.896813636363636,28.2587045454545
"Passer_eminibey","f",0.65,13.6
"Passer_hispaniolensis","f",0.89,28.4333333333333
"Passer_hispaniolensis","m",0.83975,28.0035
"Passer_montanus","f",0.731235294117647,22.347
"Passer_montanus","m",0.757,22.4696818181818
"Passer_rutilans","f",0.713,20.863
"Passer_rutilans","m",0.648,15.837
"Passerella_iliaca","m",1.002,33.8265
"Passerina_caerulea","m",0.908,22.89
"Passerina_ciris","m",0.54,17.207
"Passerina_leclancherii","m",0.553333333333333,12.9026666666667
"Passerina_versicolor","m",0.4445,12.2985
"Pavo_cristatus","f",6.3295,3000
"Pavo_cristatus","m",7.45285714285714,4571.42857142857
"Pelecanus_occidentalis","f",17.45,3290
"Perdix_perdix","f",1.89814285714286,403.098
"Perdix_perdix","m",1.87555555555556,402
"Pericrocotus_brevirostris","m",0.629,9.16
"Pericrocotus_ethologus","f",0.593,15.374
"Pericrocotus_ethologus","m",0.616,12.518
"Pericrocotus_roseus","m",0.71,52.455
"Perisoreus_canadensis","unknown",2.815,74.675
"Pernis_apivorus","m",7.641,881
"Petrochelidon_pyrrhonota","f",0.498,13.7285
"Petrochelidon_pyrrhonota","m",0.5365,14.3245
"Petronia_dentata","m",0.494,14.26
"Phalacrocorax_carbo","f",9.99216666666667,1822.5
"Phalacrocorax_carbo","m",11.032,2092.5
"Phalaropus_fulicarius","f",0.534,35.86
"Phalaropus_fulicarius","m",0.514,33.762
"Phasianus_colchicus","f",3.40871428571429,1068.71428571429
"Phasianus_colchicus","m",4.10050847457627,1393.08474576271
"Pheucticus_aureoventris","f",1.47,49.8
"Pheucticus_ludovicianus","m",1.353,30.492
"Pheucticus_melanocephalus","m",1.45,30.146
"Phigys_solitarius","f",2.167,67.518
"Philomachus_pugnax","m",1.613,131.524
"Phoeniconaias_minor","f",6.881,1307
"Phoeniconaias_minor","m",8.05,1598
"Phoeniconaias_minor","unknown",6.89,1072.85
"Phoenicopterus_ruber","f",9.702,2400
"Phoenicopterus_ruber","unknown",11,1645.83333333333
"Phoenicurus_auroreus","m",0.581,11.59925
"Phoenicurus_ochruros","m",0.5572,16.9982
"Phoenicurus_phoenicurus","f",0.407666666666667,13.689
"Phoenicurus_phoenicurus","m",0.472307692307692,14.1743076923077
"Phoenicurus_phoenicurus","unknown",0.518,14.805
"Phrygilus_alaudinus","f",0.7,16.6
"Phrygilus_alaudinus","m",0.763,19.925
"Phrygilus_fruticeti","f",0.937,37.907
"Phrygilus_fruticeti","m",1.12,25.3
"Phrygilus_punensis","m",0.95,21.56
"Phylloscopus_collybita","f",0.335571428571429,7.296
"Phylloscopus_collybita","m",0.327142857142857,8.71942857142857
"Phylloscopus_trochilus","f",0.24,10.35
"Phylloscopus_trochilus","m",0.345,10.275
"Phylloscopus_trochilus","unknown",0.305,10.303
"Pica_pica","f",4.97310526315789,200.843526315789
"Pica_pica","m",5.56564705882353,230.443411764706
"Picus_viridis","f",3.8,155.5
"Picus_viridis","m",4.542,190.451
"Pinicola_enucleator","f",1.555,34.895
"Pinicola_enucleator","m",1.39166666666667,50.023
"Pionites_leucogaster","m",5.35,139
"Pionites_melanocephalus","f",4.625,123.878
"Pionites_melanocephalus","m",5.166,128.0715
"Pionus_menstruus","f",6.024,192.361
"Pionus_tumultuosus","f",5.89,156.2
"Piranga_ludoviciana","m",0.804,41.87
"Pitangus_sulphuratus","f",1.235,64.85
"Pitangus_sulphuratus","m",1.48,80.9
"Pitta_brachyura","f",1.55,59
"Pitta_cyanea","f",1.8,110.6
"Pitta_erythrogaster","m",1.2,49.7
"Pitta_guajana","f",1.38,62.75
"Pitta_guajana","m",1.44666666666667,74.0166666666667
"Pitta_moluccensis","f",1.55,59
"Pitta_nympha","m",1.2,51.2
"Pitta_sordida","f",1.27175,48.08225
"Pitta_sordida","m",1.215,52.35
"Platycercus_caledonicus","f",3.48,91.1
"Platycercus_caledonicus","m",3.9655,151.5735
"Platycercus_elegans","f",3.05,109.52
"Platycercus_elegans","m",4.465,158.45
"Platycercus_eximius","f",2.28,115.2
"Platycercus_eximius","m",2.849,164.9565
"Platycercus_venustus","f",2.19,112.529
"Platycercus_venustus","m",2.5,84.6
"Platylophus_galericulatus","m",1.97,74.1
"Platysteira_cyanea","f",0.6,19.95
"Platysteira_cyanea","m",0.59,10.5
"Plectrophenax_nivalis","m",0.889,24.274
"Plegadis_chihi","f",4.6,301
"Ploceus_vitellinus","m",0.9,15.1
"Pluvialis_apricaria","f",2.24,215.35
"Pluvialis_apricaria","m",2.36,199.2
"Pluvialis_dominica","f",1.8745,126.958
"Pluvialis_squatarola","f",2.17333333333333,211.366666666667
"Pluvialis_squatarola","m",2.38,280.5
"Pluvianus_aegyptius","f",1.15,60.3
"Podiceps_cristatus","f",3.7968,982.94
"Podiceps_cristatus","m",3.505,1024.3
"Podiceps_grisegena","f",2.936,709.5
"Poephila_acuticauda","unknown",0.481,12.826
"Poephila_cincta","f",0.43,14.8
"Poephila_personata","m",0.443,14.535
"Pogoniulus_bilineatus","m",0.436,11.494
"Pogoniulus_makawai","m",0.436,11.494
"Poicephalus_gulielmi","f",6.172,208.185
"Poicephalus_gulielmi","m",6.905,216.421
"Poicephalus_meyeri","f",3.75,77.95
"Poicephalus_meyeri","m",4.24,107.95
"Poicephalus_rufiventris","m",4.75733333333333,112.506666666667
"Poicephalus_senegalus","m",4.55333333333333,109.768333333333
"Polioptila_dumicola","m",0.43,7.1
"Polyplectron_napoleonis","m",2.432,299.5
"Polytelis_alexandrae","f",2.328,89.9613333333333
"Polytelis_alexandrae","m",3.0864,103.2454
"Polytelis_anthopeplus","f",3.235,157.6095
"Polytelis_swainsonii","f",3.171,141.93
"Polytelis_swainsonii","m",3.2765,107.632
"Poospiza_hispaniolensis","m",0.36,6.63
"Poospiza_ornata","m",0.4895,10.791
"Primolius_maracana","f",9.12,252
"Prionops_plumatus","f",1.37,29.1
"Probosciger_aterrimus","m",17.157,995
"Prunella_collaris","m",0.97,45.1
"Prunella_immaculata","f",0.65,15.07
"Prunella_modularis","f",0.633083333333333,20.5150833333333
"Prunella_modularis","m",0.69265,20.22545
"Prunella_modularis","unknown",0.643,20.06
"Prunella_montanella","m",0.616,13.046
"Psarisomus_dalhousiae","f",1.52633333333333,52.858
"Psephotus_chrysopterygius","m",1.6305,44.155
"Psephotus_haematonotus","m",1.929,63.224
"Psephotus_varius","f",1.78,46.05
"Psephotus_varius","m",1.76666666666667,49.8666666666667
"Pseudeos_fuscata","m",4.313,128.231
"Pseudoleistes_virescens","m",1.82,47.5
"Psilopogon_pyrolophus","f",2.09333333333333,116.733333333333
"Psilopogon_pyrolophus","m",2.174,110.76
"Psittacula_cyanocephala","m",2.555,63.05
"Psittacula_derbiana","m",6.3,219.8
"Psittacula_krameri","f",2.968,111.211
"Psittacula_krameri","m",3.2,95.8
"Psittacula_longicauda","m",3.55,99.835
"Psittaculirostris_desmarestii","f",2.9,108.8
"Psittaculirostris_edwardsii","f",2.7,88
"Psittacus_erithacus","f",8.18975,325.503
"Psittacus_erithacus","m",8.75,338.9
"Psittacus_erithacus","unknown",9.75,342
"Psitteuteles_goldiei","f",1.9,43.1
"Pterodroma_hypoleuca","m",2.193,164.737
"Pteroglossus_aracari","f",3.375,272.75
"Pteroglossus_aracari","m",3.6,256
"Pteroglossus_bailloni","f",2.91,149.5
"Pteroglossus_bailloni","m",2.9,178.05
"Pucrasia_macrolopha","f",3.2745,897.5
"Pucrasia_macrolopha","m",3.58,940.5
"Puffinus_gravis","m",5.78,1510
"Puffinus_griseus","f",3.01,268
"Purpureicephalus_spurius","m",3.53333333333333,98.7666666666667
"Pycnonotus_barbatus","m",0.88,50.8
"Pycnonotus_cafer","f",1.1,24.445
"Pycnonotus_goiavier","m",0.655,25.33
"Pycnonotus_jocosus","f",0.7225,24.5045
"Pycnonotus_squamatus","f",0.552,19.367
"Pyrenestes_ostrinus","f",0.969,13.131
"Pyrenestes_ostrinus","m",0.864666666666667,15.891
"Pyrrhocorax_pyrrhocorax","f",5.02,241.5
"Pyrrhoplectes_epauletta","f",0.661,23.017
"Pyrrhula_erythaca","m",0.8435,20.7325
"Pyrrhula_nipalensis","f",0.974,30.833
"Pyrrhula_pyrrhula","f",0.853205128205128,25.2004871794872
"Pyrrhula_pyrrhula","m",0.867779069767442,25.6445581395349
"Pyrrhura_frontalis","f",2.38,99.6
"Pyrrhura_perlata","m",2.969,80.544
"Pytilia_hypogrammica","f",0.55,13.05
"Pytilia_hypogrammica","m",0.44,11.0333333333333
"Pytilia_phoenicoptera","m",0.47,11.31
"Quelea_erythrops","m",0.774,25.353
"Quiscalus_quiscula","m",2.92,82
"Rallus_aquaticus","f",1.58,121.9
"Rallus_aquaticus","m",1.66816666666667,118.007666666667
"Ramphastos_ambiguus","f",5.5,545.5
"Ramphastos_toco","m",6.26,479.1
"Recurvirostra_avosetta","m",1.93,201
"Regulus_regulus","f",0.3607,5.528
"Regulus_regulus","m",0.355307692307692,5.64619230769231
"Riparia_riparia","f",0.31,13.742
"Riparia_riparia","m",0.370666666666667,13.2026666666667
"Rissa_tridactyla","f",3.65,256.35
"Rollulus_rouloul","f",1.5925,191.0795
"Rollulus_rouloul","m",1.68866666666667,163.241333333333
"Saltator_aurantiirostris","m",1.4,30
"Saxicola_rubetra","m",0.665,18.95
"Saxicola_torquatus","unknown",0.471,18.244
"Sayornis_phoebe","f",0.75,17.5
"Sayornis_phoebe","m",0.793,18.1
"Scissirostrum_dubium","m",1.33,38.7
"Scolopax_minor","f",1.925,202.157
"Scolopax_rusticola","f",2.458,316.356578947368
"Scolopax_rusticola","m",2.44187878787879,323.158575757576
"Scopus_umbretta","m",4.24,330.75
"Semnornis_ramphastinus","m",1.468,59.148
"Serinus_burtoni","f",1.1425,27.5125
"Serinus_burtoni","m",1.0492,24.944
"Serinus_canaria","f",0.564,15.3
"Serinus_canaria","m",0.848,17.1
"Serinus_canicollis","m",0.499,14.6605
"Serinus_capistratus","m",0.537,7.979
"Serinus_citrinelloides","f",0.496,9.612
"Serinus_donaldsoni","m",0.8515,19.345
"Serinus_dorsostriatus","f",0.564,17.372
"Serinus_dorsostriatus","m",0.408,9.766
"Serinus_flaviventris","m",0.666,13.815
"Serinus_gularis","m",0.656,14.305
"Serinus_mennelli","f",0.785,15.05
"Serinus_mennelli","m",0.546,14.004
"Serinus_mozambicus","f",0.515,6.69
"Serinus_mozambicus","m",0.563,19.162
"Serinus_serinus","f",0.445,7.908
"Serinus_serinus","m",0.55575,11.1155
"Serinus_serinus","unknown",0.616666666666667,15.6066666666667
"Serinus_sp.","f",0.532,13.827
"Serinus_striolatus","f",0.744,17.709
"Serinus_sulphuratus","m",0.772,13.308
"Sialia_sialis","f",1.281,34
"Sialia_sialis","m",1.392,29
"Sicalis_flaveola","m",0.778,24.671
"Sicalis_olivascens","m",0.63,14.9
"Sitta_europaea","f",0.973666666666667,24.4333333333333
"Sitta_europaea","m",1.006,23.6246666666667
"Somateria_mollissima","f",7.4825,1977.5
"Somateria_mollissima","m",7.55633333333333,2221.19047619048
"Somateria_spectabilis","m",7.569,1500
"Spermophaga_haematina","m",0.914,16.796
"Sphyrapicus_ruber","f",1.376,51.729
"Spizixos_semitorques","m",0.92,39.82
"Sporophila_americana","f",0.578,9.324
"Sporophila_caerulescens","m",0.45,7.5
"Sporophila_castaneiventris","m",0.37,7.7
"Sporophila_lineola","f",0.555,9.051
"Sporophila_luctuosa","m",0.505,13.239
"Sporophila_minuta","f",0.5,6.18
"Sporophila_nigricollis","f",0.532,8.981
"Sporophila_simplex","m",0.56,9.4
"Stagonopleura_guttata","m",0.572,17.721
"Steganopus_tricolor","m",0.603,63.18
"Stercorarius_longicaudus","unknown",2.83,267.2
"Stercorarius_pomarinus","f",4.725,689
"Sterna_caspia","f",4.374,540
"Sterna_hirundo","f",1.778,91.721
"Sterna_paradisaea","f",1.393,102.293
"Sterna_paradisaea","unknown",1.616,98.215
"Sterna_sandvicensis","f",2.137,180
"Sterna_sandvicensis","m",2.472,175
"Stigmatopelia_chinensis","f",1.134,130.248
"Streptopelia_decaocto","f",1.477,151.83
"Streptopelia_decaocto","m",1.5215,209.7205
"Strix_aluco","f",9.21935294117647,507.079941176471
"Strix_aluco","m",9.06997222222222,419.328194444444
"Strix_varia","m",12.1,676
"Strix_varia","unknown",12.5,572.5
"Struthio_camelus","m",23.29,99000
"Sturnella_loyca","f",1.905,60.65
"Sturnella_loyca","m",2.11666666666667,58.6666666666667
"Sturnella_magna","unknown",2.3,135
"Sturnella_neglecta","m",1.74,113.552
"Sturnus_unicolor","m",1.83,91.9
"Sturnus_vulgaris","f",1.70497777777778,79.1653333333333
"Sturnus_vulgaris","m",1.76871176470588,76.9264705882353
"Sylvia_atricapilla","f",0.5762,18.9687
"Sylvia_atricapilla","m",0.598434782608696,18.0389130434783
"Sylvia_atricapilla","unknown",0.75,12.9
"Sylvia_borin","f",0.4,17.7
"Sylvia_borin","m",0.589,18.78025
"Sylvia_communis","f",0.518333333333333,15.5458888888889
"Sylvia_communis","m",0.486181818181818,13.5665454545455
"Sylvia_communis","unknown",0.4855,13.633
"Sylvia_curruca","f",0.453,12.6894
"Sylvia_curruca","m",0.478428571428571,11.5111428571429
"Sylvia_hortensis","f",0.68,20.9
"Sylvia_hortensis","m",0.9,23.6
"Sylvia_melanocephala","f",0.5075,11.3195
"Sylvia_melanocephala","m",0.562,11.06
"Synthliboramphus_antiquus","m",2.079,175.84
"Syrmaticus_ellioti","f",2.958,535
"Syrmaticus_ellioti","m",3.52,913
"Syrmaticus_reevesii","f",3.256,850
"Syrmaticus_reevesii","m",4.651,1200
"Tachybaptus_ruficollis","f",1.59266666666667,168.605
"Tachybaptus_ruficollis","m",1.649,134.069
"Tachyphonus_rufus","m",1.2,33.65
"Tadorna_tadorna","f",4.88,676
"Tadorna_tadorna","m",4.98075,1389.25
"Taeniopygia_guttata","m",0.381,9.837
"Tangara_chilensis","f",0.604,12.555
"Tangara_chilensis","m",0.5625,13.765
"Tangara_icterocephala","m",0.647666666666667,16.8753333333333
"Tanygnathus_lucionensis","m",6,148
"Tanygnathus_sumatranus","m",6.5,173
"Tauraco_hartlaubi","f",3.23,230.066666666667
"Tauraco_persa","f",2.521,218.272
"Tauraco_schalowi","m",3.48,238.4
"Tchagra_senegalus","m",1.4,34.6
"Tetrao_tetrix","m",3.61266666666667,1323.33333333333
"Tetrao_urogallus","f",4.872,1985
"Tetrao_urogallus","m",6.01157142857143,4228.57142857143
"Thraupis_bonariensis","m",0.98,28.3
"Thraupis_episcopus","f",1.04,37.35
"Thraupis_palmarum","f",1.03,32.7
"Thraupis_palmarum","m",0.9,34.85
"Tockus_erythrorhynchus","f",3.32,143.2
"Tockus_erythrorhynchus","m",3.1,128.7
"Todiramphus_chloris","m",1.1,55
"Toxostoma_rufum","f",1.384,48.211
"Trachyphonus_darnaudii","f",0.9,37.3
"Tragopan_satyra","m",4.39,2140
"Tragopan_temminckii","f",3.65866666666667,785.333333333333
"Tragopan_temminckii","m",4.7,1260
"Trichoglossus_euteles","f",2.45,59.9
"Trichoglossus_flavoviridis","f",2.02,47.8
"Trichoglossus_haematodus","f",3.38225,113.80375
"Trichoglossus_haematodus","m",3.58571428571429,117.658714285714
"Tringa_flavipes","f",1.0865,76.2285
"Tringa_glareola","m",0.9725,64.952
"Tringa_nebularia","f",1.565,160.6
"Tringa_nebularia","m",1.76,131.5
"Tringa_totanus","f",1.82,139.2
"Tringa_totanus","m",1.44675,96.98425
"Troglodytes_aedon","f",0.45,12.2
"Troglodytes_aedon","m",0.6,12.1
"Troglodytes_troglodytes","f",0.424,8.36066666666667
"Troglodytes_troglodytes","m",0.510866666666667,9.966
"Troglodytes_troglodytes","unknown",0.447666666666667,9.39766666666667
"Tryngites_subruficollis","unknown",0.919,73.024
"Turdus_hortulorum","m",1.254,37.985
"Turdus_iliacus","f",1.265,56.9334444444444
"Turdus_iliacus","m",1.27516666666667,71.8171666666667
"Turdus_merula","f",1.77338461538462,102.989653846154
"Turdus_merula","m",1.8178125,100.665765625
"Turdus_migratorius","f",1.65266666666667,85.4813333333333
"Turdus_migratorius","m",2.09,69.3
"Turdus_philomelos","f",1.4215,71.9156
"Turdus_philomelos","m",1.45645454545455,68.9737272727273
"Turdus_pilaris","f",1.71933333333333,92.734
"Turdus_pilaris","m",1.84528571428571,98.448
"Turdus_torquatus","f",1.6935,108.988
"Turdus_torquatus","m",1.7814,104.7802
"Turdus_viscivorus","f",2,101.8
"Turdus_viscivorus","m",1.64025,96.327
"Turtur_afer","f",0.7,57.6
"Turtur_brehmeri","m",1.115,114.383
"Turtur_tympanistria","m",0.82,79.8
"Tyto_alba","f",5.5608125,246.427083333333
"Tyto_alba","m",5.75563793103448,248.4005
"Tyto_alba","unknown",6.47875,327.35125
"Upupa_epops","f",1.37,34.5
"Upupa_epops","m",1.23,40.2833333333333
"Uraeginthus_bengalus","f",0.40875,7.34075
"Uraeginthus_bengalus","m",0.384714285714286,7.81085714285714
"Uraeginthus_cyanocephalus","m",0.47,7.8
"Uraeginthus_ianthinogaster","f",0.48,11.3
"Uraeginthus_ianthinogaster","m",0.465,9.531
"Uragus_sibiricus","f",0.68,9.553
"Uragus_sibiricus","m",0.619666666666667,15.7923333333333
"Uria_aalge","f",5.16133333333333,944.166666666667
"Uria_aalge","m",4.5315,718.625
"Uria_aalge","unknown",5.12,1015.5
"Uria_lomvia","f",5.15633333333333,990
"Uria_lomvia","m",5.06725,901.625
"Vanellus_armatus","f",2.08,96
"Vanellus_coronatus","f",1.55,108.5
"Vanellus_spinosus","m",1.68,191.9635
"Vanellus_vanellus","f",2.141,208.985625
"Vanellus_vanellus","m",2.09775,214.13725
"Vidua_chalybeata","m",0.516,8.98925
"Vidua_larvaticola","m",0.51,8.55
"Vidua_macroura","m",0.5505,13.023
"Vidua_obtusa","m",0.675,13.95
"Vidua_paradisaea","m",0.56,13.4066666666667
"Yuhina_brunneiceps","m",0.51,13.72
"Yuhina_diademata","f",0.747,23.381
"Yuhina_flavicollis","f",0.52,13.78
"Yuhina_nigrimenta","f",0.45,9.7
"Zenaida_asiatica","f",1.433,126.099
"Zenaida_graysoni","m",1.4,122.7
"Zenaida_macroura","f",1.073,102.483
"Zonotrichia_albicollis","m",1.07,31.6
"Zonotrichia_capensis","f",0.72,15.6
"Zonotrichia_capensis","m",0.87,22
"Zoothera_naevia","f",1.758,104
"Zoothera_naevia","m",1.661,90.649
"Zosterops_atricapilla","m",0.32,6.15
"Zosterops_erythropleurus","m",0.32,11.3
